time_iso8601,forks_cumulative
2026-07-21 00:00:00+00:00,8
2026-07-22 00:00:00+00:00,17
2026-07-23 00:00:00+00:00,19
2026-07-24 00:00:00+00:00,26
2026-07-25 00:00:00+00:00,27
2026-07-26 00:00:00+00:00,30
2026-07-28 00:00:00+00:00,31
2026-07-30 00:00:00+00:00,34
2026-08-02 00:00:00+00:00,35
2026-08-06 00:00:00+00:00,36
2026-08-13 00:00:00+00:00,37
2026-08-14 00:00:00+00:00,38
2026-08-18 00:00:00+00:00,40
2026-08-25 00:00:00+00:00,41
2026-08-29 00:00:00+00:00,43
2026-08-30 00:00:00+00:00,44
2026-08-31 00:00:00+00:00,45
2026-09-05 00:00:00+00:00,47
2026-09-07 00:00:00+00:00,48
2026-09-08 00:00:00+00:00,56
2026-09-09 00:00:00+00:00,61
2026-09-10 00:00:00+00:00,63
2026-09-16 00:00:00+00:00,64
2026-09-18 00:00:00+00:00,65
2026-09-22 00:00:00+00:00,67
2026-09-23 00:00:00+00:00,68
2026-09-24 00:00:00+00:00,69
2026-09-25 00:00:00+00:00,70
2026-09-26 00:00:00+00:00,74
2026-09-28 00:00:00+00:00,75
2026-09-29 00:00:00+00:00,76
2026-09-30 00:00:00+00:00,78
2026-10-02 00:00:00+00:00,80
2026-10-05 00:00:00+00:00,83
2026-10-06 00:00:00+00:00,84
